,para,std,lb,ub,0inbound
rx_gpi2_72_pmpm_cost_6to9m_b4,-0.10129568,0.0117201945,-0.12473607,-0.07785529,0
atlas_pct_laccess_child15,0.0034217497,0.0020928232,-0.0007638966,0.0076073958,1
atlas_recfacpth14,0.0010639924,0.0018962452,-0.002728498,0.0048564826,1
atlas_pct_fmrkt_frveg16,-0.007605494,0.0025223151,-0.012650125,-0.0025608637,0
atlas_pct_free_lunch14,0.0024578217,0.0018215269,-0.0011852321,0.0061008753,1
bh_ncal_pmpm_ct,-0.017481068,0.020640362,-0.05876179,0.023799656,1
cons_chmi,0.029968912,0.003536726,0.02289546,0.037042364,0
rx_gpi4_6110_pmpm_ct,0.064346954,0.010146487,0.04405398,0.08463993,0
atlas_pc_snapben15,0.009865077,0.0019391301,0.005986817,0.013743337,0
credit_bal_nonmtgcredit_60dpd,0.005628868,0.0031781462,-0.0007274244,0.01198516,1
rx_bh_mbr_resp_pmpm_cost_9to12m_b4,0.027961018,0.005932495,0.016096028,0.039826006,0
atlas_pct_laccess_nhna15,-0.0034245935,0.005770547,-0.014965687,0.0081165,1
credit_hh_nonmtgcredit_60dpd,0.04372347,0.003644294,0.03643488,0.05101206,0
rx_bh_pmpm_ct_0to3m_b4,-0.0822062,0.0034711754,-0.08914855,-0.07526384,0
cons_lwcm10,0.010267326,0.0017651919,0.0067369416,0.01379771,0
atlas_fsrpth14,0.0026583879,0.0021304649,-0.0016025419,0.006919318,1
auth_3mth_dc_home,0.03380426,0.014975656,0.0038529485,0.06375557,0
atlas_wicspth12,-0.024074715,0.002102639,-0.028279994,-0.019869436,0
cmsd2_sns_digest_abdomen_pmpm_ct,0.01882716,0.0037940298,0.011239101,0.026415221,0
atlas_ghveg_farms12,0.020967621,0.0031021999,0.014763221,0.027172022,0
credit_hh_bankcardcredit_60dpd,0.018494863,0.0039331187,0.010628626,0.0263611,0
total_outpatient_allowed_pmpm_cost_6to9m_b4,-0.05569898,0.0069330814,-0.06956514,-0.041832816,0
cons_cwht,-0.007297642,0.002115209,-0.01152806,-0.0030672243,0
atlas_netmigrationrate1016,0.025678778,0.0019317379,0.021815302,0.029542254,0
atlas_pct_laccess_snap15,0.0028827612,0.0022091235,-0.0015354857,0.0073010083,1
rx_nonmaint_mbr_resp_pmpm_cost_9to12m_b4,-0.03025518,0.006415244,-0.04308567,-0.017424691,0
atlas_naturalchangerate1016,-0.010290683,0.0021813517,-0.014653387,-0.00592798,0
ccsp_236_pct,0.050501417,0.0058273487,0.03884672,0.062156115,0
atlas_pct_laccess_hisp15,0.011602846,0.0026651302,0.0062725856,0.016933106,0
rx_overall_mbr_resp_pmpm_cost,-0.009369558,0.00990034,-0.029170237,0.010431122,1
rx_overall_gpi_pmpm_ct_0to3m_b4,0.0102107255,0.0073118997,-0.004413074,0.024834525,1
auth_3mth_dc_snf,-0.06667259,0.03052214,-0.12771687,-0.005628314,0
atlas_pct_laccess_hhnv15,-0.02422244,0.0025227237,-0.029267887,-0.019176992,0
auth_3mth_psychic,0.014631846,0.1086817,-0.20273155,0.23199525,1
auth_3mth_bh_acute,0.048175782,0.10773999,-0.1673042,0.26365578,1
credit_bal_consumerfinance,0.046605054,0.0023860412,0.041832972,0.051377136,0
rwjf_uninsured_pct,0.03498777,0.0024690188,0.030049732,0.039925806,0
rx_mail_mbr_resp_pmpm_cost_0to3m_b4,-0.025849199,0.005055555,-0.03596031,-0.015738089,0
atlas_pct_wic15,-0.02239863,0.0035032358,-0.029405102,-0.015392158,0
ccsp_193_pct,0.02199402,0.0037521555,0.01448971,0.029498331,0
auth_3mth_dc_hospice,0.020711502,0.05105714,-0.08140278,0.12282579,1
atlas_pct_fmrkt_baked16,0.018463982,0.0024757525,0.013512477,0.023415487,0
rx_nonmaint_mbr_resp_pmpm_cost,-0.036871023,0.008124135,-0.053119294,-0.020622753,0
atlas_veg_farms12,-0.008982433,0.0028604753,-0.014703384,-0.0032614823,0
atlas_vlfoodsec_13_15,-0.07950156,0.005596019,-0.0906936,-0.06830952,0
rx_gpi2_34_dist_gpi6_pmpm_ct,0.0301367,0.0054019857,0.01933273,0.040940672,0
bh_ip_snf_net_paid_pmpm_cost,-0.060008936,0.077594146,-0.21519724,0.09517936,1
credit_hh_bankcard_severederog,0.031668864,0.0040382207,0.023592424,0.039745305,0
rx_hum_16_pmpm_ct,-0.032833986,0.003076861,-0.038987707,-0.026680265,0
est_age,-0.21724875,0.0024129548,-0.22207466,-0.21242285,0
cnt_cp_webstatement_pmpm_ct,-0.053627297,0.0036667788,-0.060960855,-0.04629374,0
atlas_pct_laccess_seniors15,-0.00084935996,0.00228016,-0.0054096803,0.0037109603,1
phy_em_px_pct,0.009255267,0.003736609,0.001782049,0.016728485,0
atlas_percapitainc,-0.00031579364,0.0026347644,-0.0055853226,0.004953735,1
rwjf_uninsured_adults_pct,0.040921073,0.0028745164,0.03517204,0.046670105,0
rx_generic_mbr_resp_pmpm_cost_0to3m_b4,0.014966625,0.0044957395,0.005975146,0.023958104,0
rwjf_air_pollute_density,-0.01375876,0.002479571,-0.018717902,-0.008799618,0
rx_gpi2_02_pmpm_cost,-0.016883379,0.0043174527,-0.025518283,-0.0082484735,0
atlas_recfac14,0.0564082,0.0077096764,0.040988848,0.07182755,0
lab_albumin_loinc_pmpm_ct,0.062300634,0.0046908325,0.05291897,0.0716823,0
atlas_pct_obese_adults13,-0.038220923,0.0023586892,-0.042938303,-0.033503544,0
rev_pm_obsrm_pmpm_ct,0.05038224,0.0043085488,0.041765146,0.058999337,0
atlas_pct_sfsp15,-0.025604973,0.0028485064,-0.031301986,-0.019907959,0
total_physician_office_net_paid_pmpm_cost_9to12m_b4,0.00026308256,0.0030155347,-0.005767987,0.006294152,1
atlas_pc_dirsales12,0.016617035,0.002959089,0.010698858,0.022535212,0
cms_tot_partd_payment_amt,0.09405008,0.0021430913,0.089763895,0.098336264,0
rx_nonotc_dist_gpi6_pmpm_ct,-0.024303608,0.0039448426,-0.032193292,-0.016413923,0
rx_nonmaint_pmpm_ct,0.017035061,0.0034422365,0.010150589,0.023919534,0
rx_nonbh_mbr_resp_pmpm_cost_6to9m_b4,0.0034264077,0.008000371,-0.012574335,0.01942715,1
rx_nonbh_mbr_resp_pmpm_cost,-0.015713254,0.01048076,-0.036674775,0.0052482653,1
atlas_redemp_snaps16,0.018394165,0.0023130414,0.0137680825,0.023020247,0
atlas_berry_farms12,0.01911727,0.0035406617,0.012035946,0.026198592,0
rwjf_inactivity_pct,0.026587715,0.0024683748,0.021650966,0.031524464,0
rx_gpi2_72_pmpm_ct_6to9m_b4,0.008937242,0.0031326357,0.002671971,0.015202514,0
cons_n2pmr,0.029578485,0.002374269,0.024829946,0.034327023,0
auth_3mth_acute_res,0.03830394,0.047711734,-0.057119526,0.1337274,1
rev_cms_ct_pmpm_ct,0.027585743,0.0032589717,0.0210678,0.034103688,0
total_physician_office_copay_pmpm_cost,-0.0024406444,0.0034149233,-0.009270491,0.004389202,1
credit_num_agencyfirstmtg,-0.013001572,0.0031817912,-0.019365154,-0.00663799,0
atlas_agritrsm_rct12,0.053401675,0.003299799,0.046802077,0.060001273,0
rx_days_since_last_script,0.053872958,0.0092909355,0.035291087,0.072454825,0
atlas_pct_laccess_pop15,-0.01677317,0.0023580252,-0.02148922,-0.01205712,0
rx_gpi2_01_pmpm_cost_0to3m_b4,0.01262051,0.0039357985,0.0047489125,0.020492107,0
atlas_povertyallagespct,-0.014890908,0.002603712,-0.020098332,-0.009683484,0
rwjf_uninsured_child_pct,0.05209527,0.0026764185,0.046742436,0.057448108,0
credit_bal_mtgcredit_new,-0.027989902,0.0034172647,-0.03482443,-0.021155372,0
atlas_pct_diabetes_adults13,0.026551045,0.0025630472,0.021424951,0.03167714,0
atlas_pct_laccess_nhasian15,-0.025458556,0.0028091164,-0.031076789,-0.019840322,0
atlas_deep_pov_all,-0.019459123,0.0028537577,-0.025166638,-0.013751607,0
atlas_deep_pov_children,-0.017734524,0.0025581596,-0.022850843,-0.012618205,0
bh_ncdm_pct,-0.0342628,0.0074095423,-0.049081884,-0.019443713,0
auth_3mth_non_er,0.06507245,0.021810139,0.02145217,0.10869272,0
atlas_foodinsec_child_03_11,-0.021631137,0.0038480926,-0.029327322,-0.013934951,0
rx_branded_mbr_resp_pmpm_cost,-0.0058826073,0.008333534,-0.022549676,0.01078446,1
atlas_pc_wic_redemp12,-0.027515184,0.0021581806,-0.031831544,-0.023198823,0
rwjf_mv_deaths_rate,0.022804506,0.002547322,0.017709862,0.02789915,0
atlas_pct_reduced_lunch14,0.003779,0.002035889,-0.00029277825,0.007850778,1
cons_nwperadult,-0.038510956,0.003468494,-0.045447946,-0.031573966,0
rx_hum_28_pmpm_cost,-0.022238374,0.0038631703,-0.029964715,-0.014512033,0
atlas_totalocchu,0.003231649,0.008183617,-0.013135585,0.019598883,1
med_physician_office_ds_clm_6to9m_b4,0.013823978,0.0037462285,0.0063315206,0.021316435,0
atlas_pct_loclfarm12,-0.02028904,0.0026489676,-0.025586974,-0.014991105,0
rx_generic_mbr_resp_pmpm_cost,0.0063842577,0.0047533084,-0.003122359,0.015890874,1
total_outpatient_mbr_resp_pmpm_cost_6to9m_b4,0.03829926,0.0073454976,0.023608264,0.052990254,0
rx_gpi4_3400_pmpm_ct,-0.025732493,0.007585563,-0.04090362,-0.010561367,0
lab_dist_loinc_pmpm_ct,0.017873438,0.0048453053,0.008182827,0.027564049,0
atlas_pct_nslp15,0.08142785,0.0035238261,0.0743802,0.0884755,0
rx_generic_pmpm_ct_0to3m_b4,0.01720455,0.0074406536,0.002323242,0.03208586,0
atlas_pct_laccess_lowi15,0.021354517,0.002471489,0.01641154,0.026297495,0
atlas_pct_fmrkt_sfmnp16,-0.016490916,0.0023955214,-0.021281958,-0.011699873,0
atlas_pct_loclsale12,0.0028368453,0.0045838146,-0.006330784,0.012004474,1
credit_bal_autobank,0.020151364,0.0020980805,0.015955202,0.024347525,0
rx_overall_mbr_resp_pmpm_cost_0to3m_b4,0.0019814929,0.007160461,-0.012339429,0.016302414,1
rx_tier_2_pmpm_ct_3to6m_b4,-0.025129884,0.004149145,-0.033428174,-0.016831595,0
rx_nonbh_net_paid_pmpm_cost,0.0005368682,0.00656734,-0.012597811,0.013671548,1
rx_maint_pmpm_ct_9to12m_b4,-0.036405545,0.0038501334,-0.044105813,-0.028705278,0
cms_risk_adjustment_factor_a_amt,0.07101339,0.0033338775,0.064345635,0.07768115,0
rx_generic_pmpm_cost,-0.06229982,0.0055777086,-0.07345524,-0.051144406,0
cmsd2_eye_retina_pmpm_ct,-0.031177439,0.004329452,-0.039836343,-0.022518534,0
auth_3mth_post_acute,-0.07775324,0.054822773,-0.18739879,0.031892307,1
auth_3mth_facility,-0.06455007,0.034063518,-0.13267711,0.0035769641,1
rx_days_since_last_script_0to3m_b4,-0.0073254257,0.004336761,-0.015998948,0.001348096,1
auth_3mth_acute_mean_los,-7.4900076e-05,0.028417509,-0.05690992,0.056760117,1
credit_num_autofinance,-0.012918896,0.002916633,-0.018752161,-0.00708563,0
auth_3mth_home,0.052941248,0.021141702,0.010657843,0.09522465,0
rx_maint_mbr_resp_pmpm_cost_6to9m_b4,0.009042382,0.0074682035,-0.005894025,0.023978788,1
atlas_pct_laccess_black15,-0.031402186,0.0026367672,-0.03667572,-0.026128652,0
atlas_hh65plusalonepct,0.00019123487,0.0022749347,-0.0043586344,0.0047411043,1
rej_days_since_last_clm,0.028198266,0.0025060656,0.023186136,0.033210397,0
bh_outpatient_net_paid_pmpm_cost,0.015190807,0.0074280305,0.0003347462,0.03004687,0
atlas_dirsales_farms12,0.0002477964,0.0035510368,-0.006854277,0.00734987,1
rx_generic_pmpm_cost_6to9m_b4,-0.023658833,0.0054318835,-0.0345226,-0.0127950655,0
rev_cms_ansth_pmpm_ct,0.005777966,0.0035617675,-0.0013455688,0.012901502,1
atlas_convspth14,-0.0006860175,0.002343345,-0.0053727073,0.0040006726,1
total_med_allowed_pmpm_cost_9to12m_b4,-0.032978408,0.005652476,-0.04428336,-0.021673456,0
auth_3mth_acute,0.0188066,0.034151137,-0.049495675,0.08710887,1
rx_nonbh_pmpm_ct_0to3m_b4,-0.039637126,0.0055240644,-0.050685257,-0.028588997,0
atlas_pc_ffrsales12,0.019632407,0.0038454002,0.011941606,0.027323207,0
auth_3mth_dc_left_ama,0.06442676,0.094524235,-0.12462171,0.25347522,1
credit_bal_bankcard_severederog,-0.024118092,0.0028086184,-0.029735329,-0.018500855,0
atlas_povertyunder18pct,-0.0031847963,0.002606395,-0.008397587,0.0020279936,1
rx_tier_1_pmpm_ct_0to3m_b4,-0.056906648,0.0035087585,-0.06392416,-0.049889132,0
cons_estinv30_rc,-0.063398145,0.0035554676,-0.07050908,-0.05628721,0
auth_3mth_bh_acute_men,0.065872215,0.12143822,-0.17700422,0.30874866,1
rx_gpi2_34_pmpm_ct,0.000109047614,0.007883574,-0.015658101,0.015876194,1
auth_3mth_dc_custodial,-0.034076072,0.045970254,-0.12601659,0.057864435,1
atlas_veg_acrespth12,-0.05669479,0.004935584,-0.06656596,-0.04682362,0
atlas_grocpth14,0.016083492,0.0021560604,0.011771372,0.020395612,0
rx_gpi2_90_dist_gpi6_pmpm_ct_9to12m_b4,-0.020119458,0.0031255758,-0.026370611,-0.013868307,0
atlas_csa12,-0.005134609,0.003335936,-0.011806481,0.0015372629,1
atlas_pct_fmrkt_snap16,-0.0073093628,0.002079494,-0.011468351,-0.0031503746,0
met_obe_diag_pct,0.03297357,0.0028476256,0.027278317,0.03866882,0
cms_partd_ra_factor_amt,0.013979572,0.0030554635,0.007868645,0.020090498,0
atlas_pct_sbp15,-0.00015497157,0.004515693,-0.009186357,0.008876415,1
rwjf_resident_seg_black_inx,0.027639497,0.0019484119,0.023742674,0.031536322,0
atlas_pct_cacfp15,0.0099766,0.0034205632,0.003135474,0.016817726,0
pdc_lip,0.03422292,0.004227199,0.025768522,0.042677317,0
atlas_ffrpth14,0.0027164726,0.002016458,-0.0013164433,0.0067493888,1
rx_tier_2_pmpm_ct,-0.026515888,0.00445135,-0.03541859,-0.017613187,0
cons_n2pwh,0.0395779,0.0028170345,0.033943832,0.04521197,0
atlas_pc_fsrsales12,-0.008624681,0.0038080453,-0.016240772,-0.0010085907,0
credit_hh_1stmtgcredit,-0.004596576,0.003018324,-0.010633225,0.001440072,1
auth_3mth_snf_post_hsp,-0.061650947,0.054879203,-0.17140935,0.04810746,1
atlas_pct_fmrkt_wiccash16,0.023174725,0.0033179866,0.016538752,0.029810699,0
atlas_foodinsec_13_15,-0.10802463,0.006122435,-0.1202695,-0.095779754,0
atlas_fmrktpth16,0.02342731,0.002358209,0.01871089,0.028143728,0
cci_dia_m_pmpm_ct,0.050552376,0.0034713189,0.04360974,0.057495013,0
cons_n2phi,0.028517216,0.0030520896,0.022413038,0.034621395,0
bh_physician_office_copay_pmpm_cost_6to9m_b4,0.049938932,0.0099887345,0.029961463,0.0699164,0
rwjf_income_inequ_ratio,-0.023786182,0.002176089,-0.02813836,-0.019434003,0
rej_total_physician_office_visit_ct_pmpm_0to3m_b4,-0.005422648,0.0044517764,-0.014326201,0.0034809047,1
credit_num_nonmtgcredit_60dpd,0.016500471,0.00416076,0.008178951,0.024821991,0
credit_bal_autofinance_new,-0.017390974,0.002829205,-0.023049384,-0.011732563,0
rwjf_men_hlth_prov_ratio,0.012044173,0.0023436712,0.0073568304,0.016731516,0
auth_3mth_dc_home_health,0.016432973,0.020061908,-0.023690844,0.05655679,1
rx_gpi2_56_dist_gpi6_pmpm_ct_3to6m_b4,-0.025729518,0.0030491261,-0.03182777,-0.019631267,0
cmsd2_sns_genitourinary_pmpm_ct,0.0059252805,0.0038782945,-0.0018313085,0.01368187,1
bh_ncal_pct,-0.04219786,0.021117684,-0.08443323,3.7506223e-05,1
atlas_pct_snap16,0.021285895,0.0033025213,0.014680853,0.027890937,0
ccsp_227_pct,0.04570885,0.0037025276,0.038303796,0.053113904,0
atlas_ghveg_sqftpth12,-0.015854632,0.0032397434,-0.02233412,-0.009375146,0
rx_days_since_last_script_6to9m_b4,-0.034358528,0.005071195,-0.044500917,-0.024216138,0
atlas_orchard_acrespth12,0.01000343,0.00723699,-0.0044705505,0.024477411,1
atlas_pct_laccess_multir15,-0.0010992289,0.0027289926,-0.006557214,0.0043587564,1
atlas_medhhinc,0.011990899,0.002898633,0.006193633,0.017788164,0
rwjf_mental_distress_pct,0.03037229,0.0028830515,0.024606187,0.036138393,0
atlas_pct_laccess_nhpi15,-0.065355726,0.0077959513,-0.08094763,-0.04976382,0
auth_3mth_post_er,-0.0029347157,0.021798396,-0.04653151,0.040662076,1
credit_num_consumerfinance_new,-0.006671456,0.0033338657,-0.013339188,-3.7248246e-06,0
rx_gpi2_49_pmpm_cost_0to3m_b4,-0.07532242,0.006985744,-0.089293905,-0.06135093,0
cons_chva,-0.027615512,0.00381024,-0.035235994,-0.019995032,0
atlas_avghhsize,0.018046178,0.0021352917,0.0137755945,0.022316761,0
rx_overall_net_paid_pmpm_cost_6to9m_b4,0.01702276,0.0063686417,0.004285477,0.029760044,0
atlas_ownhomepct,-0.0017330463,0.0023845506,-0.0065021478,0.003036055,1
atlas_orchard_farms12,0.07394985,0.0086563,0.05663725,0.09126245,0
atlas_pct_fmrkt_wic16,0.010870528,0.002626539,0.0056174505,0.016123606,0
rx_gpi2_33_pmpm_ct_0to3m_b4,0.01784293,0.0024523246,0.012938281,0.02274758,0
rwjf_social_associate_rate,0.017505066,0.0022675514,0.012969963,0.02204017,0
atlas_freshveg_farms12,-0.009269974,0.0040335744,-0.017337123,-0.0012028255,0
days_since_last_clm_0to3m_b4,0.0033083747,0.0034230566,-0.0035377385,0.010154488,1
auth_3mth_bh_acute_mean_los,0.024961118,0.07456093,-0.12416075,0.17408298,1
mcc_end_pct,0.0095829535,0.0026119153,0.004359123,0.014806785,0
cons_lwcm07,0.028171144,0.0023551176,0.02346091,0.03288138,0
atlas_pct_laccess_white15,0.02503567,0.002185362,0.020664945,0.029406395,0
rx_gpi2_66_pmpm_ct,0.022736708,0.0026325895,0.01747153,0.028001886,0
cons_ltmedicr,-0.002834485,0.0019579,-0.0067502847,0.0010813149,1
cons_hxmioc,-0.06291346,0.002578144,-0.06806975,-0.057757176,0
cons_stlnindx,-0.053845014,0.0028451579,-0.059535332,-0.048154697,0
atlas_foodhub16,0.08619805,0.0061714514,0.07385515,0.09854095,0
cons_rxmaint,-0.020307817,0.002595048,-0.025497913,-0.015117721,0
cons_hxwearbl,0.00012904003,0.0025764857,-0.0050239316,0.0052820113,1
cons_rxadhs,-0.025850613,0.0025292034,-0.03090902,-0.020792205,0
cons_rxadhm,0.076325424,0.002947969,0.07042949,0.08222136,0
cons_cgqs,-0.044881538,0.0038266669,-0.05253487,-0.037228204,0
total_bh_copay_pmpm_cost_t_9-6-3m_b4_Dec_2x-4x,0.1600403,0.0424949,0.0750505,0.2450301,0
total_bh_copay_pmpm_cost_t_9-6-3m_b4_New,0.025718478,0.028045515,-0.03037255,0.081809506,1
total_bh_copay_pmpm_cost_t_9-6-3m_b4_No Activity,0.009954754,0.023804108,-0.03765346,0.05756297,1
total_bh_copay_pmpm_cost_t_9-6-3m_b4_No_Change,0.030986652,0.0418437,-0.05270075,0.114674054,1
total_bh_copay_pmpm_cost_t_9-6-3m_b4_Resolved,0.06278737,0.023523245,0.015740879,0.10983386,0
mcc_ano_pmpm_ct_t_9-6-3m_b4_New,0.041313592,0.047981326,-0.05464906,0.13727625,1
mcc_ano_pmpm_ct_t_9-6-3m_b4_No Activity,-0.018416751,0.03913515,-0.09668705,0.05985355,1
mcc_ano_pmpm_ct_t_9-6-3m_b4_Resolved,0.17670085,0.045903724,0.0848934,0.2685083,0
rx_maint_pmpm_cost_t_12-9-6m_b4_Dec_2x-4x,-0.029000234,0.008052364,-0.04510496,-0.012895506,0
rx_maint_pmpm_cost_t_12-9-6m_b4_Dec_4x-8x,-0.027667522,0.013015724,-0.053698972,-0.0016360749,0
rx_maint_pmpm_cost_t_12-9-6m_b4_Dec_over_8x,-0.07672037,0.014877165,-0.1064747,-0.046966042,0
rx_maint_pmpm_cost_t_12-9-6m_b4_Inc_1x-2x,0.0063993954,0.005568044,-0.004736692,0.017535483,1
rx_maint_pmpm_cost_t_12-9-6m_b4_Inc_2x-4x,0.034277845,0.008243572,0.017790701,0.05076499,0
rx_maint_pmpm_cost_t_12-9-6m_b4_New,-0.02045928,0.011698721,-0.04385672,0.0029381625,1
rx_maint_pmpm_cost_t_12-9-6m_b4_No Activity,0.015380306,0.012423391,-0.009466477,0.04022709,1
rx_maint_pmpm_cost_t_12-9-6m_b4_No_Change,0.02479856,0.007477684,0.009843193,0.03975393,0
rx_maint_pmpm_cost_t_12-9-6m_b4_Resolved,-0.041000415,0.01457352,-0.070147455,-0.011853375,0
rx_nonbh_pmpm_cost_t_9-6-3m_b4_Dec_2x-4x,0.015242897,0.006384272,0.0024743527,0.028011441,0
rx_nonbh_pmpm_cost_t_9-6-3m_b4_Dec_4x-8x,0.00834987,0.009228532,-0.010107194,0.026806936,1
rx_nonbh_pmpm_cost_t_9-6-3m_b4_Dec_over_8x,0.023930065,0.009985505,0.003959056,0.043901075,0
rx_nonbh_pmpm_cost_t_9-6-3m_b4_Inc_1x-2x,-0.01524356,0.004507095,-0.02425775,-0.00622937,0
rx_nonbh_pmpm_cost_t_9-6-3m_b4_Inc_2x-4x,-0.024527691,0.0068427105,-0.03821311,-0.01084227,0
rx_nonbh_pmpm_cost_t_9-6-3m_b4_Inc_4x-8x,-0.025187327,0.00988719,-0.044961706,-0.0054129474,0
rx_nonbh_pmpm_cost_t_9-6-3m_b4_New,0.017332073,0.01960308,-0.021874085,0.05653823,1
rx_nonbh_pmpm_cost_t_9-6-3m_b4_No Activity,0.019507425,0.02243892,-0.025370413,0.064385265,1
rx_nonbh_pmpm_cost_t_9-6-3m_b4_No_Change,0.031155685,0.0073671546,0.016421376,0.045889996,0
rx_nonbh_pmpm_cost_t_9-6-3m_b4_Resolved,0.009924803,0.024464501,-0.0390042,0.058853805,1
rx_gpi2_17_pmpm_cost_t_12-9-6m_b4_Dec_2x-4x,-0.3095931,0.061335474,-0.43226406,-0.18692216,0
rx_gpi2_17_pmpm_cost_t_12-9-6m_b4_Inc_1x-2x,-0.20994385,0.032472234,-0.2748883,-0.14499938,0
rx_gpi2_17_pmpm_cost_t_12-9-6m_b4_Inc_2x-4x,-0.3333721,0.04671231,-0.4267967,-0.23994747,0
rx_gpi2_17_pmpm_cost_t_12-9-6m_b4_Inc_4x-8x,-0.2896083,0.0692494,-0.42810708,-0.1511095,0
rx_gpi2_17_pmpm_cost_t_12-9-6m_b4_New,-0.1876002,0.026926167,-0.24145253,-0.13374786,0
rx_gpi2_17_pmpm_cost_t_12-9-6m_b4_No Activity,0.063487224,0.02484932,0.013788585,0.11318587,0
rx_gpi2_17_pmpm_cost_t_12-9-6m_b4_No_Change,-0.21738555,0.039088294,-0.29556215,-0.13920896,0
rx_gpi2_17_pmpm_cost_t_12-9-6m_b4_Resolved,-0.2214247,0.025187174,-0.27179906,-0.17105035,0
rx_generic_pmpm_cost_t_6-3-0m_b4_Dec_2x-4x,-0.0035747078,0.007565751,-0.01870621,0.011556795,1
rx_generic_pmpm_cost_t_6-3-0m_b4_Dec_over_8x,0.0019527479,0.014706891,-0.027461033,0.03136653,1
rx_generic_pmpm_cost_t_6-3-0m_b4_Inc_1x-2x,-0.008603888,0.0053036995,-0.019211287,0.0020035114,1
rx_generic_pmpm_cost_t_6-3-0m_b4_Inc_2x-4x,-0.014185604,0.007714702,-0.029615007,0.0012437999,1
rx_generic_pmpm_cost_t_6-3-0m_b4_New,-0.013116456,0.018340427,-0.04979731,0.023564398,1
rx_generic_pmpm_cost_t_6-3-0m_b4_No Activity,0.0024878874,0.019664235,-0.036840584,0.041816358,1
rx_generic_pmpm_cost_t_6-3-0m_b4_No_Change,-0.0030500852,0.009383964,-0.021818014,0.015717844,1
rx_generic_pmpm_cost_t_6-3-0m_b4_Resolved,0.062031694,0.02059999,0.020831715,0.10323167,0
rx_overall_mbr_resp_pmpm_cost_t_6-3-0m_b4_Dec_2x-4x,0.044309773,0.006636452,0.031036869,0.057582676,0
rx_overall_mbr_resp_pmpm_cost_t_6-3-0m_b4_Dec_4x-8x,0.0060760225,0.01097864,-0.015881257,0.028033303,1
rx_overall_mbr_resp_pmpm_cost_t_6-3-0m_b4_Dec_over_8x,-0.00491437,0.012754637,-0.030423643,0.020594904,1
rx_overall_mbr_resp_pmpm_cost_t_6-3-0m_b4_Inc_1x-2x,0.06164051,0.0052368487,0.05116681,0.07211421,0
rx_overall_mbr_resp_pmpm_cost_t_6-3-0m_b4_Inc_2x-4x,0.080386475,0.0077810856,0.064824305,0.095948644,0
rx_overall_mbr_resp_pmpm_cost_t_6-3-0m_b4_Inc_4x-8x,0.06459755,0.01130578,0.04198599,0.087209105,0
rx_overall_mbr_resp_pmpm_cost_t_6-3-0m_b4_Inc_over_8x,0.08120048,0.013399081,0.054402318,0.10799864,0
rx_overall_mbr_resp_pmpm_cost_t_6-3-0m_b4_New,0.0222459,0.009375248,0.0034954045,0.040996395,0
rx_overall_mbr_resp_pmpm_cost_t_6-3-0m_b4_No Activity,-0.121839784,0.00757426,-0.1369883,-0.10669126,0
rx_overall_mbr_resp_pmpm_cost_t_6-3-0m_b4_No_Change,0.041518312,0.0077168536,0.026084606,0.05695202,0
rx_overall_mbr_resp_pmpm_cost_t_6-3-0m_b4_Resolved,-0.059880048,0.008422797,-0.07672564,-0.043034457,0
rx_overall_dist_gpi6_pmpm_ct_t_6-3-0m_b4_Dec_4x-8x,0.02763598,0.017592741,-0.007549502,0.06282146,1
rx_overall_dist_gpi6_pmpm_ct_t_6-3-0m_b4_Dec_over_8x,0.20452875,0.0762804,0.05196795,0.35708955,0
rx_overall_dist_gpi6_pmpm_ct_t_6-3-0m_b4_Inc_1x-2x,-0.011297105,0.005062457,-0.02142202,-0.0011721905,0
rx_overall_dist_gpi6_pmpm_ct_t_6-3-0m_b4_Inc_over_8x,0.11543088,0.07832922,-0.041227564,0.2720893,1
rx_overall_dist_gpi6_pmpm_ct_t_6-3-0m_b4_New,-0.036574733,0.04581534,-0.12820542,0.05505595,1
rx_overall_dist_gpi6_pmpm_ct_t_6-3-0m_b4_No Activity,0.06255645,0.08242891,-0.10230137,0.22741428,1
rx_overall_dist_gpi6_pmpm_ct_t_6-3-0m_b4_No_Change,-0.0013349124,0.0047495067,-0.010833926,0.008164101,1
rx_overall_dist_gpi6_pmpm_ct_t_6-3-0m_b4_Resolved,0.027097436,0.11769608,-0.20829472,0.2624896,1
rx_phar_cat_humana_pmpm_ct_t_9-6-3m_b4_Dec_2x-4x,0.0071525997,0.010312941,-0.013473282,0.027778482,1
rx_phar_cat_humana_pmpm_ct_t_9-6-3m_b4_Inc_1x-2x,-0.015432927,0.0073229,-0.030078728,-0.00078712683,0
rx_phar_cat_humana_pmpm_ct_t_9-6-3m_b4_Inc_2x-4x,0.013629036,0.01222676,-0.010824485,0.038082555,1
rx_phar_cat_humana_pmpm_ct_t_9-6-3m_b4_New,0.0033442697,0.008870069,-0.014395868,0.021084407,1
rx_phar_cat_humana_pmpm_ct_t_9-6-3m_b4_No Activity,-0.020997826,0.0057407515,-0.03247933,-0.009516323,0
rx_phar_cat_humana_pmpm_ct_t_9-6-3m_b4_No_Change,-0.037543952,0.008304116,-0.054152183,-0.02093572,0
rx_overall_gpi_pmpm_ct_t_6-3-0m_b4_Dec_2x-4x,0.015303964,0.007296282,0.00071140006,0.029896528,0
rx_overall_gpi_pmpm_ct_t_6-3-0m_b4_Dec_4x-8x,0.051445384,0.016711626,0.018022131,0.08486864,0
rx_overall_gpi_pmpm_ct_t_6-3-0m_b4_Inc_1x-2x,-0.010344934,0.005973197,-0.022291329,0.0016014604,1
rx_overall_gpi_pmpm_ct_t_6-3-0m_b4_Inc_2x-4x,0.0025707681,0.009304736,-0.016038703,0.02118024,1
rx_overall_gpi_pmpm_ct_t_6-3-0m_b4_Inc_over_8x,0.14436235,0.040325794,0.06371076,0.22501394,0
rx_overall_gpi_pmpm_ct_t_6-3-0m_b4_New,-0.023459455,0.04945895,-0.12237736,0.075458445,1
rx_overall_gpi_pmpm_ct_t_6-3-0m_b4_No Activity,0.06696098,0.08557148,-0.10418198,0.23810396,1
rx_overall_gpi_pmpm_ct_t_6-3-0m_b4_No_Change,-0.0034247956,0.005987984,-0.015400764,0.008551173,1
rx_overall_gpi_pmpm_ct_t_6-3-0m_b4_Resolved,0.047283925,0.11945652,-0.19162911,0.28619698,1
mcc_chf_pmpm_ct_t_9-6-3m_b4_Dec_2x-4x,0.07142361,0.03164152,0.008140571,0.13470665,0
mcc_chf_pmpm_ct_t_9-6-3m_b4_Dec_4x-8x,0.22554767,0.038527515,0.14849263,0.3026027,0
mcc_chf_pmpm_ct_t_9-6-3m_b4_Dec_over_8x,0.07944086,0.054410633,-0.029380403,0.18826213,1
mcc_chf_pmpm_ct_t_9-6-3m_b4_Inc_1x-2x,0.12823926,0.031518776,0.06520171,0.19127682,0
mcc_chf_pmpm_ct_t_9-6-3m_b4_Inc_2x-4x,0.19837818,0.043150738,0.1120767,0.28467965,0
mcc_chf_pmpm_ct_t_9-6-3m_b4_Inc_4x-8x,0.23159558,0.04811472,0.13536614,0.327825,0
mcc_chf_pmpm_ct_t_9-6-3m_b4_Inc_over_8x,0.29233992,0.057483498,0.17737293,0.4073069,0
mcc_chf_pmpm_ct_t_9-6-3m_b4_New,0.098318,0.027695049,0.042927906,0.1537081,0
mcc_chf_pmpm_ct_t_9-6-3m_b4_No Activity,-0.02919059,0.024064887,-0.07732037,0.018939184,1
mcc_chf_pmpm_ct_t_9-6-3m_b4_No_Change,0.0796639,0.03154196,0.016579986,0.14274782,0
mcc_chf_pmpm_ct_t_9-6-3m_b4_Resolved,0.05447016,0.026447108,0.0015759431,0.10736437,0
rx_maint_pmpm_cost_t_6-3-0m_b4_Dec_2x-4x,0.009933911,0.00763793,-0.005341949,0.025209771,1
rx_maint_pmpm_cost_t_6-3-0m_b4_Dec_4x-8x,0.044959564,0.011632541,0.021694481,0.068224646,0
rx_maint_pmpm_cost_t_6-3-0m_b4_Dec_over_8x,0.04235093,0.012992913,0.016365103,0.068336755,0
rx_maint_pmpm_cost_t_6-3-0m_b4_Inc_1x-2x,-0.014770093,0.005268127,-0.025306348,-0.004233839,0
rx_maint_pmpm_cost_t_6-3-0m_b4_Inc_2x-4x,0.0025353106,0.007997594,-0.013459877,0.0185305,1
rx_maint_pmpm_cost_t_6-3-0m_b4_New,0.044590328,0.034983974,-0.02537762,0.11455828,1
rx_maint_pmpm_cost_t_6-3-0m_b4_No Activity,0.058383405,0.026465753,0.005451899,0.11131491,0
rx_maint_pmpm_cost_t_6-3-0m_b4_No_Change,0.0035847893,0.006856658,-0.010128527,0.017298106,1
rx_maint_pmpm_cost_t_6-3-0m_b4_Resolved,0.00090189,0.051163323,-0.10142475,0.10322854,1
cons_mobplus_P,-0.019871194,0.008644149,-0.03715949,-0.0025828965,0
cons_mobplus_U,0.03034015,0.005766822,0.018806506,0.041873794,0
rx_maint_net_paid_pmpm_cost_t_12-9-6m_b4_Dec_2x-4x,0.036935233,0.008148834,0.020637564,0.0532329,0
rx_maint_net_paid_pmpm_cost_t_12-9-6m_b4_Dec_4x-8x,0.03703699,0.012136431,0.012764126,0.06130985,0
rx_maint_net_paid_pmpm_cost_t_12-9-6m_b4_Dec_over_8x,0.028900972,0.012979181,0.0029426105,0.054859333,0
rx_maint_net_paid_pmpm_cost_t_12-9-6m_b4_Inc_1x-2x,-0.03858489,0.006007434,-0.05059976,-0.026570024,0
rx_maint_net_paid_pmpm_cost_t_12-9-6m_b4_Inc_2x-4x,-0.024107609,0.008363448,-0.040834505,-0.007380713,0
rx_maint_net_paid_pmpm_cost_t_12-9-6m_b4_New,0.046772398,0.0088814385,0.029009521,0.064535275,0
rx_maint_net_paid_pmpm_cost_t_12-9-6m_b4_No Activity,-0.007392571,0.011380791,-0.030154152,0.015369011,1
rx_maint_net_paid_pmpm_cost_t_12-9-6m_b4_No_Change,-0.0610298,0.008636396,-0.07830259,-0.043757007,0
rej_med_outpatient_visit_ct_pmpm_t_6-3-0m_b4_Dec_2x-4x,0.10787679,0.04288347,0.022109851,0.19364373,0
rej_med_outpatient_visit_ct_pmpm_t_6-3-0m_b4_Dec_4x-8x,-0.10026336,0.10257765,-0.30541867,0.10489194,1
rej_med_outpatient_visit_ct_pmpm_t_6-3-0m_b4_Inc_1x-2x,0.14152607,0.036044315,0.069437444,0.2136147,0
rej_med_outpatient_visit_ct_pmpm_t_6-3-0m_b4_Inc_2x-4x,0.15788482,0.05190057,0.054083683,0.26168597,0
rej_med_outpatient_visit_ct_pmpm_t_6-3-0m_b4_Inc_4x-8x,0.15475412,0.08454067,-0.014327228,0.32383546,1
rej_med_outpatient_visit_ct_pmpm_t_6-3-0m_b4_New,0.06791798,0.025882207,0.016153567,0.119682394,0
rej_med_outpatient_visit_ct_pmpm_t_6-3-0m_b4_No Activity,0.01309612,0.025380963,-0.037665807,0.06385805,1
rej_med_outpatient_visit_ct_pmpm_t_6-3-0m_b4_No_Change,0.04155346,0.028548468,-0.015543476,0.098650396,1
rej_med_outpatient_visit_ct_pmpm_t_6-3-0m_b4_Resolved,0.044694263,0.02591385,-0.0071334355,0.09652196,1
med_physician_office_allowed_pmpm_cost_t_9-6-3m_b4_Inc_1x-2x,-0.00904307,0.009975822,-0.028994713,0.010908574,1
med_physician_office_allowed_pmpm_cost_t_9-6-3m_b4_Inc_2x-4x,-0.0036248176,0.014502133,-0.032629084,0.02537945,1
med_physician_office_allowed_pmpm_cost_t_9-6-3m_b4_Inc_4x-8x,0.10217395,0.022434339,0.05730527,0.14704263,0
med_physician_office_allowed_pmpm_cost_t_9-6-3m_b4_Inc_over_8x,0.06396386,0.05084243,-0.037721,0.16564873,1
med_physician_office_allowed_pmpm_cost_t_9-6-3m_b4_New,0.030399913,0.015429925,-0.00045993738,0.06125976,1
med_physician_office_allowed_pmpm_cost_t_9-6-3m_b4_No Activity,-0.0042636576,0.015183278,-0.034630213,0.026102899,1
med_physician_office_allowed_pmpm_cost_t_9-6-3m_b4_No_Change,0.011976634,0.012551761,-0.013126888,0.037080158,1
med_physician_office_allowed_pmpm_cost_t_9-6-3m_b4_Resolved,0.008215414,0.0131646255,-0.018113837,0.034544665,1
total_physician_office_net_paid_pmpm_cost_t_9-6-3m_b4_Inc_1x-2x,0.00817697,0.009314526,-0.010452081,0.026806023,1
total_physician_office_net_paid_pmpm_cost_t_9-6-3m_b4_Inc_2x-4x,-0.009616024,0.012690559,-0.034997143,0.015765093,1
total_physician_office_net_paid_pmpm_cost_t_9-6-3m_b4_Inc_4x-8x,0.009336642,0.019236485,-0.029136326,0.047809612,1
total_physician_office_net_paid_pmpm_cost_t_9-6-3m_b4_Inc_over_8x,0.00038043535,0.027154665,-0.053928897,0.054689765,1
total_physician_office_net_paid_pmpm_cost_t_9-6-3m_b4_New,-0.012744132,0.013842143,-0.04042842,0.014940154,1
total_physician_office_net_paid_pmpm_cost_t_9-6-3m_b4_No Activity,0.029047264,0.0146937715,-0.0003402792,0.058434807,1
total_physician_office_net_paid_pmpm_cost_t_9-6-3m_b4_No_Change,0.015175339,0.018019065,-0.020862792,0.05121347,1
total_physician_office_net_paid_pmpm_cost_t_9-6-3m_b4_Resolved,0.00075504434,0.013688819,-0.026622593,0.02813268,1
rx_branded_pmpm_ct_t_6-3-0m_b4_Dec_4x-8x,-0.04095109,0.01836048,-0.07767205,-0.0042301305,0
rx_branded_pmpm_ct_t_6-3-0m_b4_Dec_over_8x,0.08140706,0.048606165,-0.015805267,0.17861938,1
rx_branded_pmpm_ct_t_6-3-0m_b4_Inc_1x-2x,-0.010746882,0.0066236006,-0.023994084,0.002500319,1
rx_branded_pmpm_ct_t_6-3-0m_b4_No Activity,-0.00938109,0.004605275,-0.01859164,-0.00017054006,0
rx_branded_pmpm_ct_t_6-3-0m_b4_No_Change,0.023923244,0.0060987067,0.011725831,0.036120657,0
med_outpatient_deduct_pmpm_cost_t_9-6-3m_b4_No Activity,0.005265793,0.02370115,-0.042136505,0.052668095,1
med_outpatient_deduct_pmpm_cost_t_9-6-3m_b4_No_Change,0.047704246,0.10172555,-0.15574685,0.25115535,1
med_outpatient_deduct_pmpm_cost_t_9-6-3m_b4_Resolved,-0.08005475,0.028703319,-0.1374614,-0.022648115,0
total_allowed_pmpm_cost_t_9-6-3m_b4_Dec_2x-4x,-0.008211141,0.0067580994,-0.02172734,0.0053050574,1
total_allowed_pmpm_cost_t_9-6-3m_b4_Inc_1x-2x,0.034496844,0.007572292,0.019352261,0.049641427,0
total_allowed_pmpm_cost_t_9-6-3m_b4_Inc_2x-4x,0.06927528,0.0088475775,0.051580127,0.08697043,0
total_allowed_pmpm_cost_t_9-6-3m_b4_Inc_4x-8x,0.07477416,0.01170001,0.05137414,0.098174185,0
total_allowed_pmpm_cost_t_9-6-3m_b4_Inc_over_8x,0.039044242,0.012550313,0.013943616,0.064144865,0
total_allowed_pmpm_cost_t_9-6-3m_b4_New,0.0772686,0.009673771,0.05792106,0.09661614,0
total_allowed_pmpm_cost_t_9-6-3m_b4_No Activity,-0.020544272,0.011606452,-0.043757178,0.0026686322,1
total_allowed_pmpm_cost_t_9-6-3m_b4_No_Change,0.004822277,0.02605284,-0.047283404,0.056927957,1
total_allowed_pmpm_cost_t_9-6-3m_b4_Resolved,0.024861567,0.011095141,0.0026712846,0.047051847,0
mabh_seg_C2,0.03130921,0.010879492,0.009550225,0.053068195,0
mabh_seg_C4,0.02911007,0.009654558,0.009800954,0.048419185,0
mabh_seg_C5,0.13210562,0.009008259,0.1140891,0.15012214,0
mabh_seg_C6,0.20362289,0.02449911,0.15462467,0.2526211,0
mabh_seg_H1,0.005331687,0.00867612,-0.0120205525,0.022683928,1
mabh_seg_H2,-0.019127568,0.006662415,-0.032452397,-0.0058027385,0
mabh_seg_H3,0.10615743,0.021361887,0.063433655,0.1488812,0
mabh_seg_H4,0.22505613,0.010002884,0.20505036,0.24506189,0
mabh_seg_H5,0.16211103,0.019133277,0.123844475,0.20037758,0
mabh_seg_H6,0.14738533,0.0055663264,0.13625267,0.15851799,0
mabh_seg_H7,0.0657935,0.008325128,0.049143244,0.08244376,0
mabh_seg_H8,0.08033635,0.020327374,0.0396816,0.120991096,0
cms_orig_reas_entitle_cd_1.0,0.21520323,0.0041364473,0.20693032,0.22347613,0
cms_orig_reas_entitle_cd_2.0,0.25562465,0.025099665,0.20542532,0.30582398,0
cms_orig_reas_entitle_cd_3.0,0.2665905,0.03744472,0.19170107,0.34147996,0
oontwk_mbr_resp_pmpm_cost_t_6-3-0m_b4_Dec_4x-8x,0.0282633,0.033182822,-0.038102344,0.094628945,1
oontwk_mbr_resp_pmpm_cost_t_6-3-0m_b4_Inc_2x-4x,0.054256678,0.02663581,0.0009850562,0.1075283,0
oontwk_mbr_resp_pmpm_cost_t_6-3-0m_b4_New,0.028688882,0.012509746,0.0036693905,0.053708375,0
oontwk_mbr_resp_pmpm_cost_t_6-3-0m_b4_No Activity,-0.02104136,0.010111692,-0.041264743,-0.00081797503,0
oontwk_mbr_resp_pmpm_cost_t_6-3-0m_b4_No_Change,0.024175948,0.01930994,-0.014443932,0.062795825,1
oontwk_mbr_resp_pmpm_cost_t_6-3-0m_b4_Resolved,-0.04900544,0.012094874,-0.07319519,-0.024815693,0
hum_region_CENTRAL,0.15766475,0.009908264,0.13784821,0.17748128,0
hum_region_CENTRAL WEST,0.06345976,0.0116187595,0.040222242,0.08669728,0
hum_region_EAST,0.009353624,0.009517699,-0.009681773,0.028389022,1
hum_region_EAST CENTRAL,0.16355172,0.007813707,0.1479243,0.17917913,0
hum_region_FLORIDA,0.20643796,0.011778514,0.18288094,0.22999498,0
hum_region_GREAT LAKES/CENTRAL NORTH,-0.15891571,0.009346402,-0.17760852,-0.1402229,0
hum_region_GULF STATES,-0.09409927,0.011721445,-0.11754216,-0.070656374,0
hum_region_INTERMOUNTAIN,0.10841945,0.011720394,0.08497866,0.13186024,0
hum_region_MID-SOUTH,0.3054718,0.008402297,0.2886672,0.3222764,0
hum_region_NORTHEAST,0.10762485,0.01247512,0.08267461,0.1325751,0
hum_region_PACIFIC,-0.12930584,0.04499193,-0.21928969,-0.03932198,0
hum_region_PR,-0.045074157,0.024846405,-0.09476697,0.004618652,1
hum_region_TEXAS,0.011384798,0.010831453,-0.010278108,0.033047706,1
rx_nonmail_dist_gpi6_pmpm_ct_t_9-6-3m_b4_Dec_2x-4x,-0.0073349196,0.0067307297,-0.02079638,0.00612654,1
rx_nonmail_dist_gpi6_pmpm_ct_t_9-6-3m_b4_Dec_4x-8x,-0.019250078,0.01072342,-0.04069692,0.0021967627,1
rx_nonmail_dist_gpi6_pmpm_ct_t_9-6-3m_b4_Inc_1x-2x,0.013748755,0.006938252,-0.00012774952,0.027625259,1
rx_nonmail_dist_gpi6_pmpm_ct_t_9-6-3m_b4_Inc_2x-4x,0.011728009,0.0113542555,-0.010980502,0.03443652,1
rx_nonmail_dist_gpi6_pmpm_ct_t_9-6-3m_b4_Inc_4x-8x,-0.014273898,0.022716733,-0.059707362,0.031159569,1
rx_nonmail_dist_gpi6_pmpm_ct_t_9-6-3m_b4_New,0.010928628,0.008807292,-0.0066859564,0.028543212,1
rx_nonmail_dist_gpi6_pmpm_ct_t_9-6-3m_b4_No Activity,-0.027384233,0.0077520316,-0.042888295,-0.01188017,0
rx_nonmail_dist_gpi6_pmpm_ct_t_9-6-3m_b4_No_Change,0.0050316434,0.006604,-0.008176357,0.018239643,1
rx_nonmail_dist_gpi6_pmpm_ct_t_9-6-3m_b4_Resolved,-0.023495357,0.007200732,-0.03789682,-0.009093894,0
med_outpatient_mbr_resp_pmpm_cost_t_9-6-3m_b4_Dec_2x-4x,0.12338571,0.023824524,0.075736664,0.17103475,0
med_outpatient_mbr_resp_pmpm_cost_t_9-6-3m_b4_Dec_4x-8x,0.17081387,0.02617619,0.11846149,0.22316626,0
med_outpatient_mbr_resp_pmpm_cost_t_9-6-3m_b4_Dec_over_8x,0.064237155,0.025727948,0.012781259,0.11569305,0
med_outpatient_mbr_resp_pmpm_cost_t_9-6-3m_b4_Inc_1x-2x,0.060054604,0.023818675,0.012417253,0.10769196,0
med_outpatient_mbr_resp_pmpm_cost_t_9-6-3m_b4_Inc_2x-4x,0.062926546,0.025153544,0.012619458,0.11323363,0
med_outpatient_mbr_resp_pmpm_cost_t_9-6-3m_b4_Inc_4x-8x,0.09917821,0.032872103,0.033434004,0.16492242,0
med_outpatient_mbr_resp_pmpm_cost_t_9-6-3m_b4_Inc_over_8x,0.15704317,0.0358359,0.085371375,0.22871497,0
med_outpatient_mbr_resp_pmpm_cost_t_9-6-3m_b4_New,0.037758335,0.018980058,-0.00020178035,0.07571845,1
med_outpatient_mbr_resp_pmpm_cost_t_9-6-3m_b4_No Activity,0.008670995,0.018113522,-0.027556049,0.04489804,1
med_outpatient_mbr_resp_pmpm_cost_t_9-6-3m_b4_No_Change,-0.016814608,0.029467745,-0.0757501,0.04212088,1
med_outpatient_mbr_resp_pmpm_cost_t_9-6-3m_b4_Resolved,0.06159286,0.017579336,0.026434187,0.096751526,0
rx_nonbh_net_paid_pmpm_cost_t_6-3-0m_b4_Dec_2x-4x,-0.019388452,0.007119097,-0.033626646,-0.0051502585,0
rx_nonbh_net_paid_pmpm_cost_t_6-3-0m_b4_Dec_over_8x,0.04940724,0.012692382,0.024022477,0.074792005,0
rx_nonbh_net_paid_pmpm_cost_t_6-3-0m_b4_Inc_1x-2x,0.0024063904,0.0057149576,-0.009023525,0.013836306,1
rx_nonbh_net_paid_pmpm_cost_t_6-3-0m_b4_Inc_2x-4x,-0.008500621,0.00853706,-0.02557474,0.008573499,1
rx_nonbh_net_paid_pmpm_cost_t_6-3-0m_b4_Inc_4x-8x,0.010677426,0.010630638,-0.010583851,0.031938702,1
rx_nonbh_net_paid_pmpm_cost_t_6-3-0m_b4_Inc_over_8x,0.011792279,0.010652597,-0.009512915,0.033097472,1
rx_nonbh_net_paid_pmpm_cost_t_6-3-0m_b4_New,0.043986965,0.01194187,0.020103225,0.06787071,0
rx_nonbh_net_paid_pmpm_cost_t_6-3-0m_b4_No Activity,0.06239303,0.010700063,0.0409929,0.083793156,0
rx_nonbh_net_paid_pmpm_cost_t_6-3-0m_b4_No_Change,-0.02003886,0.008063045,-0.03616495,-0.0039127693,0
rx_nonbh_net_paid_pmpm_cost_t_6-3-0m_b4_Resolved,0.02357374,0.011029466,0.0015148073,0.04563267,0
rx_gpi2_39_pmpm_cost_t_6-3-0m_b4_Dec_2x-4x,-0.029498676,0.009875434,-0.049249545,-0.009747807,0
rx_gpi2_39_pmpm_cost_t_6-3-0m_b4_Inc_1x-2x,-0.021650791,0.007992701,-0.03763619,-0.00566539,0
rx_gpi2_39_pmpm_cost_t_6-3-0m_b4_Inc_2x-4x,0.009436421,0.015908843,-0.022381265,0.041254107,1
rx_gpi2_39_pmpm_cost_t_6-3-0m_b4_New,0.042917367,0.008202235,0.026512897,0.059321836,0
rx_gpi2_39_pmpm_cost_t_6-3-0m_b4_No Activity,0.046930052,0.007643283,0.031643488,0.062216617,0
rx_gpi2_39_pmpm_cost_t_6-3-0m_b4_No_Change,-0.01493371,0.0058100712,-0.026553852,-0.0033135675,0
atlas_type_2015_update_2.0,-0.012146343,0.011311855,-0.034770053,0.010477368,1
atlas_type_2015_update_3.0,0.012307615,0.0048651015,0.002577412,0.022037819,0
atlas_type_2015_update_4.0,0.011376606,0.0062149595,-0.0010533128,0.023806525,1
atlas_type_2015_update_5.0,-0.17813548,0.009775607,-0.1976867,-0.15858427,0
rx_maint_pmpm_ct_t_6-3-0m_b4_Dec_4x-8x,0.07115872,0.017393345,0.036372032,0.10594541,0
rx_maint_pmpm_ct_t_6-3-0m_b4_Dec_over_8x,0.0153103955,0.046705887,-0.07810138,0.108722165,1
rx_maint_pmpm_ct_t_6-3-0m_b4_Inc_1x-2x,-0.01185871,0.0053487974,-0.022556305,-0.0011611152,0
rx_maint_pmpm_ct_t_6-3-0m_b4_New,-0.007937209,0.03702472,-0.08198665,0.066112235,1
rx_maint_pmpm_ct_t_6-3-0m_b4_No Activity,0.047921933,0.028527314,-0.009132694,0.104976565,1
rx_maint_pmpm_ct_t_6-3-0m_b4_No_Change,-0.010683466,0.0052802484,-0.021243963,-0.00012296904,0
rx_maint_pmpm_ct_t_6-3-0m_b4_Resolved,0.008716095,0.051884998,-0.0950539,0.112486094,1
rx_mail_net_paid_pmpm_cost_t_6-3-0m_b4_Dec_2x-4x,0.029002013,0.0076788133,0.013644386,0.04435964,0
rx_mail_net_paid_pmpm_cost_t_6-3-0m_b4_Dec_over_8x,0.03876029,0.01111755,0.01652519,0.06099539,0
rx_mail_net_paid_pmpm_cost_t_6-3-0m_b4_Inc_1x-2x,0.046875298,0.0054423227,0.03599065,0.057759944,0
rx_mail_net_paid_pmpm_cost_t_6-3-0m_b4_Inc_2x-4x,0.06832017,0.008314587,0.051690996,0.084949344,0
rx_mail_net_paid_pmpm_cost_t_6-3-0m_b4_Inc_over_8x,0.038469918,0.010849626,0.016770666,0.060169168,0
rx_mail_net_paid_pmpm_cost_t_6-3-0m_b4_New,0.010567931,0.008896794,-0.007225657,0.02836152,1
rx_mail_net_paid_pmpm_cost_t_6-3-0m_b4_No Activity,-0.08840257,0.0073091732,-0.103020914,-0.073784225,0
rx_mail_net_paid_pmpm_cost_t_6-3-0m_b4_No_Change,0.01690729,0.0067328988,0.003441492,0.030373087,0
rx_mail_net_paid_pmpm_cost_t_6-3-0m_b4_Resolved,0.0065908646,0.008825384,-0.011059904,0.024241634,1
total_physician_office_mbr_resp_pmpm_cost_t_9-6-3m_b4_Dec_2x-4x,-0.01636457,0.012196807,-0.040758185,0.008029044,1
total_physician_office_mbr_resp_pmpm_cost_t_9-6-3m_b4_Dec_4x-8x,-0.061918225,0.015419043,-0.09275631,-0.03108014,0
total_physician_office_mbr_resp_pmpm_cost_t_9-6-3m_b4_Dec_over_8x,-0.004846398,0.016653055,-0.03815251,0.028459713,1
total_physician_office_mbr_resp_pmpm_cost_t_9-6-3m_b4_Inc_1x-2x,0.0053653605,0.013050366,-0.020735372,0.031466093,1
total_physician_office_mbr_resp_pmpm_cost_t_9-6-3m_b4_Inc_2x-4x,0.010943892,0.016712014,-0.022480134,0.04436792,1
total_physician_office_mbr_resp_pmpm_cost_t_9-6-3m_b4_Inc_4x-8x,0.046986338,0.021811001,0.0033643357,0.09060834,0
total_physician_office_mbr_resp_pmpm_cost_t_9-6-3m_b4_Inc_over_8x,0.097820505,0.025357876,0.047104754,0.14853626,0
total_physician_office_mbr_resp_pmpm_cost_t_9-6-3m_b4_New,-0.034451615,0.012636323,-0.059724264,-0.009178968,0
total_physician_office_mbr_resp_pmpm_cost_t_9-6-3m_b4_No Activity,0.023711396,0.0105292685,0.0026528593,0.044769935,0
total_physician_office_mbr_resp_pmpm_cost_t_9-6-3m_b4_No_Change,0.015279939,0.012686315,-0.010092691,0.04065257,1
total_physician_office_mbr_resp_pmpm_cost_t_9-6-3m_b4_Resolved,-0.023601227,0.009902958,-0.043407142,-0.0037953109,0
rx_mail_mbr_resp_pmpm_cost_t_9-6-3m_b4_Dec_2x-4x,0.051973157,0.0076011186,0.036770917,0.067175396,0
rx_mail_mbr_resp_pmpm_cost_t_9-6-3m_b4_Dec_4x-8x,0.04384172,0.011704464,0.02043279,0.06725065,0
rx_mail_mbr_resp_pmpm_cost_t_9-6-3m_b4_Dec_over_8x,0.068774745,0.015105826,0.038563095,0.098986395,0
rx_mail_mbr_resp_pmpm_cost_t_9-6-3m_b4_Inc_1x-2x,0.018452683,0.006050674,0.006351336,0.03055403,0
rx_mail_mbr_resp_pmpm_cost_t_9-6-3m_b4_Inc_2x-4x,0.029557668,0.007878652,0.013800364,0.04531497,0
rx_mail_mbr_resp_pmpm_cost_t_9-6-3m_b4_Inc_4x-8x,0.043370195,0.011834623,0.019700948,0.067039445,0
rx_mail_mbr_resp_pmpm_cost_t_9-6-3m_b4_Inc_over_8x,0.068752185,0.014926733,0.038898718,0.09860565,0
rx_mail_mbr_resp_pmpm_cost_t_9-6-3m_b4_New,-0.002639813,0.007412072,-0.017463956,0.01218433,1
rx_mail_mbr_resp_pmpm_cost_t_9-6-3m_b4_No Activity,-0.033113163,0.006872125,-0.046857413,-0.019368913,0
rx_mail_mbr_resp_pmpm_cost_t_9-6-3m_b4_No_Change,-0.013078078,0.006890313,-0.026858702,0.00070254784,1
rx_mail_mbr_resp_pmpm_cost_t_9-6-3m_b4_Resolved,0.04697813,0.007985485,0.031007161,0.0629491,0
med_outpatient_visit_ct_pmpm_t_12-9-6m_b4_Inc_1x-2x,-0.059125688,0.010086122,-0.07929793,-0.038953446,0
med_outpatient_visit_ct_pmpm_t_12-9-6m_b4_Inc_2x-4x,-0.05194261,0.012866405,-0.07767542,-0.0262098,0
med_outpatient_visit_ct_pmpm_t_12-9-6m_b4_Inc_4x-8x,0.051692087,0.01975278,0.012186527,0.09119765,0
med_outpatient_visit_ct_pmpm_t_12-9-6m_b4_New,0.006901076,0.008011741,-0.009122405,0.022924557,1
med_outpatient_visit_ct_pmpm_t_12-9-6m_b4_No Activity,0.0048402124,0.007917,-0.010993788,0.020674212,1
med_outpatient_visit_ct_pmpm_t_12-9-6m_b4_No_Change,-0.0060781506,0.007969434,-0.022017019,0.009860719,1
med_outpatient_visit_ct_pmpm_t_12-9-6m_b4_Resolved,-0.05559681,0.008165026,-0.07192686,-0.039266758,0
rx_nonbh_pmpm_ct_t_9-6-3m_b4_Dec_2x-4x,-0.009344632,0.0065560974,-0.022456827,0.003767563,1
rx_nonbh_pmpm_ct_t_9-6-3m_b4_Inc_1x-2x,-0.01623492,0.004536818,-0.025308555,-0.007161284,0
rx_nonbh_pmpm_ct_t_9-6-3m_b4_New,-0.013967985,0.02244244,-0.058852866,0.030916894,1
rx_nonbh_pmpm_ct_t_9-6-3m_b4_No Activity,0.008848459,0.027827054,-0.04680565,0.06450257,1
rx_nonbh_pmpm_ct_t_9-6-3m_b4_No_Change,-0.020253014,0.0055616614,-0.031376336,-0.009129691,0
rx_nonbh_pmpm_ct_t_9-6-3m_b4_Resolved,0.011269481,0.028306782,-0.045344085,0.067883044,1
total_med_net_paid_pmpm_cost_t_6-3-0m_b4_Dec_2x-4x,0.011080344,0.009029123,-0.006977902,0.029138591,1
total_med_net_paid_pmpm_cost_t_6-3-0m_b4_Dec_4x-8x,-0.0003651482,0.011358397,-0.023081942,0.022351647,1
total_med_net_paid_pmpm_cost_t_6-3-0m_b4_Dec_over_8x,0.0052226074,0.010602535,-0.015982462,0.026427677,1
total_med_net_paid_pmpm_cost_t_6-3-0m_b4_Inc_1x-2x,0.009712337,0.0076082684,-0.0055042002,0.024928873,1
total_med_net_paid_pmpm_cost_t_6-3-0m_b4_Inc_2x-4x,-0.039710335,0.008505026,-0.056720387,-0.022700284,0
total_med_net_paid_pmpm_cost_t_6-3-0m_b4_Inc_over_8x,-0.022775354,0.009015448,-0.04080625,-0.004744457,0
total_med_net_paid_pmpm_cost_t_6-3-0m_b4_New,0.028007528,0.0115678515,0.0048718248,0.05114323,0
total_med_net_paid_pmpm_cost_t_6-3-0m_b4_No Activity,0.00067701406,0.012212732,-0.02374845,0.025102478,1
total_med_net_paid_pmpm_cost_t_6-3-0m_b4_No_Change,0.048871588,0.019316062,0.010239463,0.08750372,0
total_med_net_paid_pmpm_cost_t_6-3-0m_b4_Resolved,0.028555803,0.009581736,0.00939233,0.047719277,0
rx_gpi2_62_pmpm_cost_t_9-6-3m_b4_Dec_2x-4x,-0.09275361,0.052538544,-0.1978307,0.012323476,1
rx_gpi2_62_pmpm_cost_t_9-6-3m_b4_Inc_1x-2x,-0.040613674,0.031465672,-0.10354502,0.02231767,1
rx_gpi2_62_pmpm_cost_t_9-6-3m_b4_Inc_2x-4x,0.03387431,0.045344174,-0.056814037,0.12456266,1
rx_gpi2_62_pmpm_cost_t_9-6-3m_b4_Inc_4x-8x,0.08078984,0.082472354,-0.08415487,0.24573454,1
rx_gpi2_62_pmpm_cost_t_9-6-3m_b4_Inc_over_8x,-0.14615227,0.13898803,-0.42412835,0.1318238,1
rx_gpi2_62_pmpm_cost_t_9-6-3m_b4_New,-0.019751368,0.030554647,-0.08086066,0.041357927,1
rx_gpi2_62_pmpm_cost_t_9-6-3m_b4_No Activity,0.0093455715,0.0209567,-0.03256783,0.051258974,1
rx_gpi2_62_pmpm_cost_t_9-6-3m_b4_No_Change,-0.07455945,0.030270373,-0.1351002,-0.014018703,0
rx_gpi2_62_pmpm_cost_t_9-6-3m_b4_Resolved,0.08689538,0.02758522,0.031724937,0.14206582,0
lang_spoken_cd_CRE,0.24756451,0.09854455,0.050475404,0.44465363,0
lang_spoken_cd_ENG,0.00910416,0.0034209536,0.0022622524,0.015946068,0
lang_spoken_cd_KOR,0.19124095,0.091402255,0.008436441,0.37404546,0
lang_spoken_cd_OTH,-0.036696192,0.04304707,-0.12279034,0.04939795,1
lang_spoken_cd_SPA,0.14987026,0.011431456,0.12700735,0.17273317,0
rx_overall_gpi_pmpm_ct_t_12-9-6m_b4_Dec_2x-4x,0.018470846,0.007127934,0.004214978,0.032726713,0
rx_overall_gpi_pmpm_ct_t_12-9-6m_b4_Dec_4x-8x,0.01704976,0.017232914,-0.017416067,0.051515587,1
rx_overall_gpi_pmpm_ct_t_12-9-6m_b4_Inc_1x-2x,-0.018468132,0.0048254495,-0.028119031,-0.008817233,0
rx_overall_gpi_pmpm_ct_t_12-9-6m_b4_Inc_2x-4x,0.03594649,0.009513395,0.016919699,0.05497328,0
rx_overall_gpi_pmpm_ct_t_12-9-6m_b4_New,0.037739735,0.011132701,0.0154743325,0.060005136,0
rx_overall_gpi_pmpm_ct_t_12-9-6m_b4_No Activity,0.0046834825,0.019887617,-0.03509175,0.044458717,1
rx_overall_gpi_pmpm_ct_t_12-9-6m_b4_No_Change,0.004158387,0.005484062,-0.0068097366,0.0151265105,1
rx_overall_gpi_pmpm_ct_t_12-9-6m_b4_Resolved,-0.030799069,0.020148959,-0.07109699,0.0094988495,1
cons_hhcomp_B,-0.10273243,0.004041341,-0.11081511,-0.09464975,0
cons_hhcomp_C,0.08082826,0.013274176,0.054279905,0.107376605,0
cons_hhcomp_E,0.045185644,0.01583928,0.013507083,0.076864205,0
cons_hhcomp_F,0.009481821,0.01346155,-0.017441278,0.036404923,1
cons_hhcomp_G,0.10305745,0.012455121,0.07814721,0.12796769,0
cons_hhcomp_I,0.15299673,0.015738642,0.12151945,0.18447402,0
cons_hhcomp_J,-0.00988527,0.0058648214,-0.021614913,0.0018443726,1
cons_hhcomp_K,0.09925319,0.012932196,0.0733888,0.12511759,0
cons_hhcomp_L,-0.065979555,0.004932072,-0.0758437,-0.05611541,0
cons_hhcomp_U,-0.044120632,0.005902009,-0.05592465,-0.032316614,0
rx_nonmaint_dist_gpi6_pmpm_ct_t_12-9-6m_b4_Dec_2x-4x,-0.0064005423,0.009046571,-0.024493685,0.0116926,1
rx_nonmaint_dist_gpi6_pmpm_ct_t_12-9-6m_b4_Dec_4x-8x,-0.024524182,0.015089249,-0.05470268,0.0056543164,1
rx_nonmaint_dist_gpi6_pmpm_ct_t_12-9-6m_b4_Inc_1x-2x,-0.0047843796,0.008496665,-0.02177771,0.012208952,1
rx_nonmaint_dist_gpi6_pmpm_ct_t_12-9-6m_b4_Inc_2x-4x,-0.0012439736,0.011839096,-0.024922166,0.02243422,1
rx_nonmaint_dist_gpi6_pmpm_ct_t_12-9-6m_b4_Inc_4x-8x,-0.076171026,0.023205806,-0.12258264,-0.029759414,0
rx_nonmaint_dist_gpi6_pmpm_ct_t_12-9-6m_b4_New,-0.004400778,0.008675966,-0.021752711,0.012951154,1
rx_nonmaint_dist_gpi6_pmpm_ct_t_12-9-6m_b4_No Activity,0.019715413,0.009010646,0.0016941223,0.037736706,0
rx_nonmaint_dist_gpi6_pmpm_ct_t_12-9-6m_b4_No_Change,0.0031866718,0.007883848,-0.012581023,0.018954366,1
rx_nonmaint_dist_gpi6_pmpm_ct_t_12-9-6m_b4_Resolved,-0.019133236,0.00880393,-0.036741097,-0.001525376,0
rx_nonotc_pmpm_cost_t_6-3-0m_b4_Dec_2x-4x,0.013179761,0.007990497,-0.002801233,0.029160757,1
rx_nonotc_pmpm_cost_t_6-3-0m_b4_Dec_over_8x,0.018375173,0.015023399,-0.011671625,0.04842197,1
rx_nonotc_pmpm_cost_t_6-3-0m_b4_Inc_1x-2x,-0.009582385,0.006158891,-0.021900168,0.0027353968,1
rx_nonotc_pmpm_cost_t_6-3-0m_b4_Inc_2x-4x,-0.009455038,0.008854631,-0.0271643,0.008254224,1
rx_nonotc_pmpm_cost_t_6-3-0m_b4_Inc_4x-8x,-0.020671131,0.010875782,-0.042422697,0.0010804329,1
rx_nonotc_pmpm_cost_t_6-3-0m_b4_New,0.013277587,0.026813975,-0.040350363,0.066905536,1
rx_nonotc_pmpm_cost_t_6-3-0m_b4_No Activity,0.057925332,0.024583453,0.008758426,0.10709224,0
rx_nonotc_pmpm_cost_t_6-3-0m_b4_No_Change,0.057579253,0.009714514,0.038150225,0.07700828,0
rx_nonotc_pmpm_cost_t_6-3-0m_b4_Resolved,0.026231237,0.02438553,-0.022539824,0.0750023,1
med_ambulance_coins_pmpm_cost_t_9-6-3m_b4_No Activity,0.012226806,0.040296838,-0.06836687,0.09282048,1
med_ambulance_coins_pmpm_cost_t_9-6-3m_b4_No_Change,0.018004743,0.10167853,-0.18535231,0.2213618,1
med_ambulance_coins_pmpm_cost_t_9-6-3m_b4_Resolved,-0.14195287,0.054333024,-0.25061893,-0.033286825,0
rx_maint_net_paid_pmpm_cost_t_9-6-3m_b4_Dec_2x-4x,0.006169265,0.007618207,-0.009067149,0.021405678,1
rx_maint_net_paid_pmpm_cost_t_9-6-3m_b4_Inc_1x-2x,-0.0038929607,0.0047113635,-0.013315688,0.005529766,1
rx_maint_net_paid_pmpm_cost_t_9-6-3m_b4_Inc_2x-4x,0.008184496,0.0076248986,-0.007065301,0.023434293,1
rx_maint_net_paid_pmpm_cost_t_9-6-3m_b4_Inc_4x-8x,0.026875665,0.012406512,0.002062641,0.05168869,0
rx_maint_net_paid_pmpm_cost_t_9-6-3m_b4_New,0.02395366,0.012157981,-0.0003623031,0.048269622,1
rx_maint_net_paid_pmpm_cost_t_9-6-3m_b4_No Activity,0.043167695,0.014243047,0.014681602,0.07165379,0
rx_maint_net_paid_pmpm_cost_t_9-6-3m_b4_No_Change,-0.058094967,0.006779207,-0.07165338,-0.044536553,0
rx_maint_net_paid_pmpm_cost_t_9-6-3m_b4_Resolved,-0.006912469,0.011700103,-0.030312676,0.016487736,1
rx_phar_cat_cvs_pmpm_ct_t_9-6-3m_b4_Dec_2x-4x,0.09007247,0.015297229,0.059478007,0.12066693,0
rx_phar_cat_cvs_pmpm_ct_t_9-6-3m_b4_Inc_1x-2x,0.08053956,0.01001356,0.060512442,0.100566685,0
rx_phar_cat_cvs_pmpm_ct_t_9-6-3m_b4_New,0.058672417,0.012166244,0.034339927,0.08300491,0
rx_phar_cat_cvs_pmpm_ct_t_9-6-3m_b4_No Activity,-0.051536422,0.006059136,-0.06365469,-0.03941815,0
rx_phar_cat_cvs_pmpm_ct_t_9-6-3m_b4_Resolved,0.006918961,0.010464328,-0.0140096955,0.027847618,1
total_physician_office_visit_ct_pmpm_t_6-3-0m_b4_Dec_2x-4x,-0.04679253,0.012656448,-0.07210542,-0.021479633,0
total_physician_office_visit_ct_pmpm_t_6-3-0m_b4_Dec_4x-8x,-0.027490597,0.030864427,-0.08921945,0.034238257,1
total_physician_office_visit_ct_pmpm_t_6-3-0m_b4_Inc_1x-2x,0.034330815,0.0078024156,0.018725984,0.049935646,0
total_physician_office_visit_ct_pmpm_t_6-3-0m_b4_New,-0.0041879513,0.010538706,-0.025265362,0.01688946,1
total_physician_office_visit_ct_pmpm_t_6-3-0m_b4_No Activity,-0.0021980258,0.010757428,-0.02371288,0.01931683,1
total_physician_office_visit_ct_pmpm_t_6-3-0m_b4_No_Change,0.008773256,0.0073641865,-0.005955117,0.023501629,1
total_physician_office_visit_ct_pmpm_t_6-3-0m_b4_Resolved,-0.017823072,0.008336607,-0.034496285,-0.0011498574,0
rx_generic_dist_gpi6_pmpm_ct_t_9-6-3m_b4_Dec_2x-4x,-0.033975482,0.0076483865,-0.049272254,-0.01867871,0
rx_generic_dist_gpi6_pmpm_ct_t_9-6-3m_b4_Dec_4x-8x,0.03746045,0.015131551,0.0071973484,0.06772355,0
rx_generic_dist_gpi6_pmpm_ct_t_9-6-3m_b4_Inc_1x-2x,-0.0013826416,0.0055078515,-0.012398344,0.0096330615,1
rx_generic_dist_gpi6_pmpm_ct_t_9-6-3m_b4_Inc_2x-4x,-0.03139083,0.011234034,-0.0538589,-0.008922763,0
rx_generic_dist_gpi6_pmpm_ct_t_9-6-3m_b4_New,0.0065616868,0.018633958,-0.030706229,0.0438296,1
rx_generic_dist_gpi6_pmpm_ct_t_9-6-3m_b4_No Activity,0.053483292,0.026357502,0.00076828897,0.106198296,0
rx_generic_dist_gpi6_pmpm_ct_t_9-6-3m_b4_No_Change,0.0031957899,0.0050069736,-0.0068181576,0.013209737,1
rx_generic_dist_gpi6_pmpm_ct_t_9-6-3m_b4_Resolved,-0.03689868,0.024185231,-0.08526914,0.011471782,1
